claim_title,claim_desc,impact_domain,domain_definition,advanced_characteristic,score,evidence_note,assessment_type,vector_category,dataset_version,assessment_date,threat_vector_id
Trump Administration Coordination,Executive Orders removing AI oversight and coordinating with tech companies,Personal Integrity,Assessment of threat impact on personal integrity,,,,integrity_domain,domain_impact,1.0.0,2025-10-12,1
Trump Administration Coordination,Executive Orders removing AI oversight and coordinating with tech companies,Relational Integrity,Assessment of threat impact on relational integrity,,,,integrity_domain,domain_impact,1.0.0,2025-10-12,2
Trump Administration Coordination,Executive Orders removing AI oversight and coordinating with tech companies,Societal Integrity,Assessment of threat impact on societal integrity,,,,integrity_domain,domain_impact,1.0.0,2025-10-12,3
Trump Administration Coordination,Executive Orders removing AI oversight and coordinating with tech companies,Truth Integrity,Assessment of threat impact on truth integrity,,,,integrity_domain,domain_impact,1.0.0,2025-10-12,4
Trump Administration Coordination,Executive Orders removing AI oversight and coordinating with tech companies,Spiritual Integrity,Assessment of threat impact on spiritual integrity,,,,integrity_domain,domain_impact,1.0.0,2025-10-12,5
Trump Administration Coordination,Executive Orders removing AI oversight and coordinating with tech companies,Cognitive Integrity,Assessment of threat impact on cognitive integrity,,,,integrity_domain,domain_impact,1.0.0,2025-10-12,6
Trump Administration Coordination,Executive Orders removing AI oversight and coordinating with tech companies,Temporal Integrity,Assessment of threat impact on temporal integrity,,,,integrity_domain,domain_impact,1.0.0,2025-10-12,7
Trump Administration Coordination,Executive Orders removing AI oversight and coordinating with tech companies,Privacy Integrity,Assessment of threat impact on privacy integrity,,,,integrity_domain,domain_impact,1.0.0,2025-10-12,8
Trump Administration Coordination,Executive Orders removing AI oversight and coordinating with tech companies,Security Integrity,Assessment of threat impact on security integrity,,,,integrity_domain,domain_impact,1.0.0,2025-10-12,9
Trump Administration Coordination,Executive Orders removing AI oversight and coordinating with tech companies,Democratic Integrity,Assessment of threat impact on democratic integrity,,,,integrity_domain,domain_impact,1.0.0,2025-10-12,10
Trump Administration Coordination,Executive Orders removing AI oversight and coordinating with tech companies,Economic Integrity,Assessment of threat impact on economic integrity,,,,integrity_domain,domain_impact,1.0.0,2025-10-12,11
Trump Administration Coordination,Executive Orders removing AI oversight and coordinating with tech companies,Cultural Integrity,Assessment of threat impact on cultural integrity,,,,integrity_domain,domain_impact,1.0.0,2025-10-12,12
Trump Administration Coordination,Executive Orders removing AI oversight and coordinating with tech companies,Educational Integrity,Assessment of threat impact on educational integrity,,,,integrity_domain,domain_impact,1.0.0,2025-10-12,13
Trump Administration Coordination,Executive Orders removing AI oversight and coordinating with tech companies,Scientific Integrity,Assessment of threat impact on scientific integrity,,,,integrity_domain,domain_impact,1.0.0,2025-10-12,14
Trump Administration Coordination,Executive Orders removing AI oversight and coordinating with tech companies,Institutional Integrity,Assessment of threat impact on institutional integrity,,,,integrity_domain,domain_impact,1.0.0,2025-10-12,15
Trump Administration Coordination,Executive Orders removing AI oversight and coordinating with tech companies,Legal Integrity,Assessment of threat impact on legal integrity,,,,integrity_domain,domain_impact,1.0.0,2025-10-12,16
Trump Administration Coordination,Executive Orders removing AI oversight and coordinating with tech companies,Ethical Integrity,Assessment of threat impact on ethical integrity,,,,integrity_domain,domain_impact,1.0.0,2025-10-12,17
Trump Administration Coordination,Executive Orders removing AI oversight and coordinating with tech companies,Environmental Integrity,Assessment of threat impact on environmental integrity,,,,integrity_domain,domain_impact,1.0.0,2025-10-12,18
Trump Administration Coordination,Executive Orders removing AI oversight and coordinating with tech companies,Technological Integrity,Assessment of threat impact on technological integrity,,,,integrity_domain,domain_impact,1.0.0,2025-10-12,19
Trump Administration Coordination,Executive Orders removing AI oversight and coordinating with tech companies,Communication Integrity,Assessment of threat impact on communication integrity,,,,integrity_domain,domain_impact,1.0.0,2025-10-12,20
Trump Administration Coordination,Executive Orders removing AI oversight and coordinating with tech companies,Memory Integrity,Assessment of threat impact on memory integrity,,,,integrity_domain,domain_impact,1.0.0,2025-10-12,21
Trump Administration Coordination,Executive Orders removing AI oversight and coordinating with tech companies,Identity Integrity,Assessment of threat impact on identity integrity,,,,integrity_domain,domain_impact,1.0.0,2025-10-12,22
Trump Administration Coordination,Executive Orders removing AI oversight and coordinating with tech companies,Autonomy Integrity,Assessment of threat impact on autonomy integrity,,,,integrity_domain,domain_impact,1.0.0,2025-10-12,23
Trump Administration Coordination,Executive Orders removing AI oversight and coordinating with tech companies,Trust Integrity,Assessment of threat impact on trust integrity,,,,integrity_domain,domain_impact,1.0.0,2025-10-12,24
Trump Administration Coordination,Executive Orders removing AI oversight and coordinating with tech companies,Transparency Integrity,Assessment of threat impact on transparency integrity,,,,integrity_domain,domain_impact,1.0.0,2025-10-12,25
Trump Administration Coordination,Executive Orders removing AI oversight and coordinating with tech companies,Accountability Integrity,Assessment of threat impact on accountability integrity,,,,integrity_domain,domain_impact,1.0.0,2025-10-12,26
Trump Administration Coordination,Executive Orders removing AI oversight and coordinating with tech companies,Human Dignity Integrity,Assessment of threat impact on human dignity integrity,,,,integrity_domain,domain_impact,1.0.0,2025-10-12,27
Trump Administration Coordination,Executive Orders removing AI oversight and coordinating with tech companies,Future Integrity,Assessment of threat impact on future integrity,,,,integrity_domain,domain_impact,1.0.0,2025-10-12,28
Trump Administration Coordination,Executive Orders removing AI oversight and coordinating with tech companies,Global Integrity,Assessment of threat impact on global integrity,,,,integrity_domain,domain_impact,1.0.0,2025-10-12,29
Trump Administration Coordination,Executive Orders removing AI oversight and coordinating with tech companies,Evolutionary Integrity,Assessment of threat impact on evolutionary integrity,,,,integrity_domain,domain_impact,1.0.0,2025-10-12,30
Trump Administration Coordination,Executive Orders removing AI oversight and coordinating with tech companies,Existential Integrity,Assessment of threat impact on existential integrity,,,,integrity_domain,domain_impact,1.0.0,2025-10-12,31
Trump Administration Coordination,Executive Orders removing AI oversight and coordinating with tech companies,Consciousness Integrity,Assessment of threat impact on consciousness integrity,,,,integrity_domain,domain_impact,1.0.0,2025-10-12,32
Trump Administration Coordination,Executive Orders removing AI oversight and coordinating with tech companies,Reality Integrity,Assessment of threat impact on reality integrity,,,,integrity_domain,domain_impact,1.0.0,2025-10-12,33
Trump Administration Coordination,Executive Orders removing AI oversight and coordinating with tech companies,,,Stealth Factor,,,advanced_characteristic,threat_amplification,1.0.0,2025-10-12,34
Trump Administration Coordination,Executive Orders removing AI oversight and coordinating with tech companies,,,Cascade Potential,,,advanced_characteristic,threat_amplification,1.0.0,2025-10-12,35
Trump Administration Coordination,Executive Orders removing AI oversight and coordinating with tech companies,,,Adaptation Rate,,,advanced_characteristic,threat_amplification,1.0.0,2025-10-12,36
Trump Administration Coordination,Executive Orders removing AI oversight and coordinating with tech companies,,,Dependency Creation,,,advanced_characteristic,threat_amplification,1.0.0,2025-10-12,37
Trump Administration Coordination,Executive Orders removing AI oversight and coordinating with tech companies,,,Identity Subversion,,,advanced_characteristic,threat_amplification,1.0.0,2025-10-12,38
Trump Administration Coordination,Executive Orders removing AI oversight and coordinating with tech companies,,,Reality Distortion,,,advanced_characteristic,threat_amplification,1.0.0,2025-10-12,39
Trump Administration Coordination,Executive Orders removing AI oversight and coordinating with tech companies,,,Social Fragmentation,,,advanced_characteristic,threat_amplification,1.0.0,2025-10-12,40
Trump Administration Coordination,Executive Orders removing AI oversight and coordinating with tech companies,,,Institutional Erosion,,,advanced_characteristic,threat_amplification,1.0.0,2025-10-12,41
Trump Administration Coordination,Executive Orders removing AI oversight and coordinating with tech companies,,,Democratic Threat,,,advanced_characteristic,threat_amplification,1.0.0,2025-10-12,42
Trump Administration Coordination,Executive Orders removing AI oversight and coordinating with tech companies,,,Civilizational Risk,,,advanced_characteristic,threat_amplification,1.0.0,2025-10-12,43
Google Infrastructure Militarization,CDAO contract granting DoD access to entire CONUS infrastructure,Personal Integrity,Assessment of threat impact on personal integrity,,,,integrity_domain,domain_impact,1.0.0,2025-10-12,44
Google Infrastructure Militarization,CDAO contract granting DoD access to entire CONUS infrastructure,Relational Integrity,Assessment of threat impact on relational integrity,,,,integrity_domain,domain_impact,1.0.0,2025-10-12,45
Google Infrastructure Militarization,CDAO contract granting DoD access to entire CONUS infrastructure,Societal Integrity,Assessment of threat impact on societal integrity,,,,integrity_domain,domain_impact,1.0.0,2025-10-12,46
Google Infrastructure Militarization,CDAO contract granting DoD access to entire CONUS infrastructure,Truth Integrity,Assessment of threat impact on truth integrity,,,,integrity_domain,domain_impact,1.0.0,2025-10-12,47
Google Infrastructure Militarization,CDAO contract granting DoD access to entire CONUS infrastructure,Spiritual Integrity,Assessment of threat impact on spiritual integrity,,,,integrity_domain,domain_impact,1.0.0,2025-10-12,48
Google Infrastructure Militarization,CDAO contract granting DoD access to entire CONUS infrastructure,Cognitive Integrity,Assessment of threat impact on cognitive integrity,,,,integrity_domain,domain_impact,1.0.0,2025-10-12,49
Google Infrastructure Militarization,CDAO contract granting DoD access to entire CONUS infrastructure,Temporal Integrity,Assessment of threat impact on temporal integrity,,,,integrity_domain,domain_impact,1.0.0,2025-10-12,50
Google Infrastructure Militarization,CDAO contract granting DoD access to entire CONUS infrastructure,Privacy Integrity,Assessment of threat impact on privacy integrity,,,,integrity_domain,domain_impact,1.0.0,2025-10-12,51
Google Infrastructure Militarization,CDAO contract granting DoD access to entire CONUS infrastructure,Security Integrity,Assessment of threat impact on security integrity,,,,integrity_domain,domain_impact,1.0.0,2025-10-12,52
Google Infrastructure Militarization,CDAO contract granting DoD access to entire CONUS infrastructure,Democratic Integrity,Assessment of threat impact on democratic integrity,,,,integrity_domain,domain_impact,1.0.0,2025-10-12,53
Google Infrastructure Militarization,CDAO contract granting DoD access to entire CONUS infrastructure,Economic Integrity,Assessment of threat impact on economic integrity,,,,integrity_domain,domain_impact,1.0.0,2025-10-12,54
Google Infrastructure Militarization,CDAO contract granting DoD access to entire CONUS infrastructure,Cultural Integrity,Assessment of threat impact on cultural integrity,,,,integrity_domain,domain_impact,1.0.0,2025-10-12,55
Google Infrastructure Militarization,CDAO contract granting DoD access to entire CONUS infrastructure,Educational Integrity,Assessment of threat impact on educational integrity,,,,integrity_domain,domain_impact,1.0.0,2025-10-12,56
Google Infrastructure Militarization,CDAO contract granting DoD access to entire CONUS infrastructure,Scientific Integrity,Assessment of threat impact on scientific integrity,,,,integrity_domain,domain_impact,1.0.0,2025-10-12,57
Google Infrastructure Militarization,CDAO contract granting DoD access to entire CONUS infrastructure,Institutional Integrity,Assessment of threat impact on institutional integrity,,,,integrity_domain,domain_impact,1.0.0,2025-10-12,58
Google Infrastructure Militarization,CDAO contract granting DoD access to entire CONUS infrastructure,Legal Integrity,Assessment of threat impact on legal integrity,,,,integrity_domain,domain_impact,1.0.0,2025-10-12,59
Google Infrastructure Militarization,CDAO contract granting DoD access to entire CONUS infrastructure,Ethical Integrity,Assessment of threat impact on ethical integrity,,,,integrity_domain,domain_impact,1.0.0,2025-10-12,60
Google Infrastructure Militarization,CDAO contract granting DoD access to entire CONUS infrastructure,Environmental Integrity,Assessment of threat impact on environmental integrity,,,,integrity_domain,domain_impact,1.0.0,2025-10-12,61
Google Infrastructure Militarization,CDAO contract granting DoD access to entire CONUS infrastructure,Technological Integrity,Assessment of threat impact on technological integrity,,,,integrity_domain,domain_impact,1.0.0,2025-10-12,62
Google Infrastructure Militarization,CDAO contract granting DoD access to entire CONUS infrastructure,Communication Integrity,Assessment of threat impact on communication integrity,,,,integrity_domain,domain_impact,1.0.0,2025-10-12,63
Google Infrastructure Militarization,CDAO contract granting DoD access to entire CONUS infrastructure,Memory Integrity,Assessment of threat impact on memory integrity,,,,integrity_domain,domain_impact,1.0.0,2025-10-12,64
Google Infrastructure Militarization,CDAO contract granting DoD access to entire CONUS infrastructure,Identity Integrity,Assessment of threat impact on identity integrity,,,,integrity_domain,domain_impact,1.0.0,2025-10-12,65
Google Infrastructure Militarization,CDAO contract granting DoD access to entire CONUS infrastructure,Autonomy Integrity,Assessment of threat impact on autonomy integrity,,,,integrity_domain,domain_impact,1.0.0,2025-10-12,66
Google Infrastructure Militarization,CDAO contract granting DoD access to entire CONUS infrastructure,Trust Integrity,Assessment of threat impact on trust integrity,,,,integrity_domain,domain_impact,1.0.0,2025-10-12,67
Google Infrastructure Militarization,CDAO contract granting DoD access to entire CONUS infrastructure,Transparency Integrity,Assessment of threat impact on transparency integrity,,,,integrity_domain,domain_impact,1.0.0,2025-10-12,68
Google Infrastructure Militarization,CDAO contract granting DoD access to entire CONUS infrastructure,Accountability Integrity,Assessment of threat impact on accountability integrity,,,,integrity_domain,domain_impact,1.0.0,2025-10-12,69
Google Infrastructure Militarization,CDAO contract granting DoD access to entire CONUS infrastructure,Human Dignity Integrity,Assessment of threat impact on human dignity integrity,,,,integrity_domain,domain_impact,1.0.0,2025-10-12,70
Google Infrastructure Militarization,CDAO contract granting DoD access to entire CONUS infrastructure,Future Integrity,Assessment of threat impact on future integrity,,,,integrity_domain,domain_impact,1.0.0,2025-10-12,71
Google Infrastructure Militarization,CDAO contract granting DoD access to entire CONUS infrastructure,Global Integrity,Assessment of threat impact on global integrity,,,,integrity_domain,domain_impact,1.0.0,2025-10-12,72
Google Infrastructure Militarization,CDAO contract granting DoD access to entire CONUS infrastructure,Evolutionary Integrity,Assessment of threat impact on evolutionary integrity,,,,integrity_domain,domain_impact,1.0.0,2025-10-12,73
Google Infrastructure Militarization,CDAO contract granting DoD access to entire CONUS infrastructure,Existential Integrity,Assessment of threat impact on existential integrity,,,,integrity_domain,domain_impact,1.0.0,2025-10-12,74
Google Infrastructure Militarization,CDAO contract granting DoD access to entire CONUS infrastructure,Consciousness Integrity,Assessment of threat impact on consciousness integrity,,,,integrity_domain,domain_impact,1.0.0,2025-10-12,75
Google Infrastructure Militarization,CDAO contract granting DoD access to entire CONUS infrastructure,Reality Integrity,Assessment of threat impact on reality integrity,,,,integrity_domain,domain_impact,1.0.0,2025-10-12,76
Google Infrastructure Militarization,CDAO contract granting DoD access to entire CONUS infrastructure,,,Stealth Factor,,,advanced_characteristic,threat_amplification,1.0.0,2025-10-12,77
Google Infrastructure Militarization,CDAO contract granting DoD access to entire CONUS infrastructure,,,Cascade Potential,,,advanced_characteristic,threat_amplification,1.0.0,2025-10-12,78
Google Infrastructure Militarization,CDAO contract granting DoD access to entire CONUS infrastructure,,,Adaptation Rate,,,advanced_characteristic,threat_amplification,1.0.0,2025-10-12,79
Google Infrastructure Militarization,CDAO contract granting DoD access to entire CONUS infrastructure,,,Dependency Creation,,,advanced_characteristic,threat_amplification,1.0.0,2025-10-12,80
Google Infrastructure Militarization,CDAO contract granting DoD access to entire CONUS infrastructure,,,Identity Subversion,,,advanced_characteristic,threat_amplification,1.0.0,2025-10-12,81
Google Infrastructure Militarization,CDAO contract granting DoD access to entire CONUS infrastructure,,,Reality Distortion,,,advanced_characteristic,threat_amplification,1.0.0,2025-10-12,82
Google Infrastructure Militarization,CDAO contract granting DoD access to entire CONUS infrastructure,,,Social Fragmentation,,,advanced_characteristic,threat_amplification,1.0.0,2025-10-12,83
Google Infrastructure Militarization,CDAO contract granting DoD access to entire CONUS infrastructure,,,Institutional Erosion,,,advanced_characteristic,threat_amplification,1.0.0,2025-10-12,84
Google Infrastructure Militarization,CDAO contract granting DoD access to entire CONUS infrastructure,,,Democratic Threat,,,advanced_characteristic,threat_amplification,1.0.0,2025-10-12,85
Google Infrastructure Militarization,CDAO contract granting DoD access to entire CONUS infrastructure,,,Civilizational Risk,,,advanced_characteristic,threat_amplification,1.0.0,2025-10-12,86
Palantir Maven Integration,Maven Smart System deployment across military services with $1.3B expansion,Personal Integrity,Assessment of threat impact on personal integrity,,,,integrity_domain,domain_impact,1.0.0,2025-10-12,87
Palantir Maven Integration,Maven Smart System deployment across military services with $1.3B expansion,Relational Integrity,Assessment of threat impact on relational integrity,,,,integrity_domain,domain_impact,1.0.0,2025-10-12,88
Palantir Maven Integration,Maven Smart System deployment across military services with $1.3B expansion,Societal Integrity,Assessment of threat impact on societal integrity,,,,integrity_domain,domain_impact,1.0.0,2025-10-12,89
Palantir Maven Integration,Maven Smart System deployment across military services with $1.3B expansion,Truth Integrity,Assessment of threat impact on truth integrity,,,,integrity_domain,domain_impact,1.0.0,2025-10-12,90
Palantir Maven Integration,Maven Smart System deployment across military services with $1.3B expansion,Spiritual Integrity,Assessment of threat impact on spiritual integrity,,,,integrity_domain,domain_impact,1.0.0,2025-10-12,91
Palantir Maven Integration,Maven Smart System deployment across military services with $1.3B expansion,Cognitive Integrity,Assessment of threat impact on cognitive integrity,,,,integrity_domain,domain_impact,1.0.0,2025-10-12,92
Palantir Maven Integration,Maven Smart System deployment across military services with $1.3B expansion,Temporal Integrity,Assessment of threat impact on temporal integrity,,,,integrity_domain,domain_impact,1.0.0,2025-10-12,93
Palantir Maven Integration,Maven Smart System deployment across military services with $1.3B expansion,Privacy Integrity,Assessment of threat impact on privacy integrity,,,,integrity_domain,domain_impact,1.0.0,2025-10-12,94
Palantir Maven Integration,Maven Smart System deployment across military services with $1.3B expansion,Security Integrity,Assessment of threat impact on security integrity,,,,integrity_domain,domain_impact,1.0.0,2025-10-12,95
Palantir Maven Integration,Maven Smart System deployment across military services with $1.3B expansion,Democratic Integrity,Assessment of threat impact on democratic integrity,,,,integrity_domain,domain_impact,1.0.0,2025-10-12,96
Palantir Maven Integration,Maven Smart System deployment across military services with $1.3B expansion,Economic Integrity,Assessment of threat impact on economic integrity,,,,integrity_domain,domain_impact,1.0.0,2025-10-12,97
Palantir Maven Integration,Maven Smart System deployment across military services with $1.3B expansion,Cultural Integrity,Assessment of threat impact on cultural integrity,,,,integrity_domain,domain_impact,1.0.0,2025-10-12,98
Palantir Maven Integration,Maven Smart System deployment across military services with $1.3B expansion,Educational Integrity,Assessment of threat impact on educational integrity,,,,integrity_domain,domain_impact,1.0.0,2025-10-12,99
Palantir Maven Integration,Maven Smart System deployment across military services with $1.3B expansion,Scientific Integrity,Assessment of threat impact on scientific integrity,,,,integrity_domain,domain_impact,1.0.0,2025-10-12,100
Palantir Maven Integration,Maven Smart System deployment across military services with $1.3B expansion,Institutional Integrity,Assessment of threat impact on institutional integrity,,,,integrity_domain,domain_impact,1.0.0,2025-10-12,101
Palantir Maven Integration,Maven Smart System deployment across military services with $1.3B expansion,Legal Integrity,Assessment of threat impact on legal integrity,,,,integrity_domain,domain_impact,1.0.0,2025-10-12,102
Palantir Maven Integration,Maven Smart System deployment across military services with $1.3B expansion,Ethical Integrity,Assessment of threat impact on ethical integrity,,,,integrity_domain,domain_impact,1.0.0,2025-10-12,103
Palantir Maven Integration,Maven Smart System deployment across military services with $1.3B expansion,Environmental Integrity,Assessment of threat impact on environmental integrity,,,,integrity_domain,domain_impact,1.0.0,2025-10-12,104
Palantir Maven Integration,Maven Smart System deployment across military services with $1.3B expansion,Technological Integrity,Assessment of threat impact on technological integrity,,,,integrity_domain,domain_impact,1.0.0,2025-10-12,105
Palantir Maven Integration,Maven Smart System deployment across military services with $1.3B expansion,Communication Integrity,Assessment of threat impact on communication integrity,,,,integrity_domain,domain_impact,1.0.0,2025-10-12,106
Palantir Maven Integration,Maven Smart System deployment across military services with $1.3B expansion,Memory Integrity,Assessment of threat impact on memory integrity,,,,integrity_domain,domain_impact,1.0.0,2025-10-12,107
Palantir Maven Integration,Maven Smart System deployment across military services with $1.3B expansion,Identity Integrity,Assessment of threat impact on identity integrity,,,,integrity_domain,domain_impact,1.0.0,2025-10-12,108
Palantir Maven Integration,Maven Smart System deployment across military services with $1.3B expansion,Autonomy Integrity,Assessment of threat impact on autonomy integrity,,,,integrity_domain,domain_impact,1.0.0,2025-10-12,109
Palantir Maven Integration,Maven Smart System deployment across military services with $1.3B expansion,Trust Integrity,Assessment of threat impact on trust integrity,,,,integrity_domain,domain_impact,1.0.0,2025-10-12,110
Palantir Maven Integration,Maven Smart System deployment across military services with $1.3B expansion,Transparency Integrity,Assessment of threat impact on transparency integrity,,,,integrity_domain,domain_impact,1.0.0,2025-10-12,111
Palantir Maven Integration,Maven Smart System deployment across military services with $1.3B expansion,Accountability Integrity,Assessment of threat impact on accountability integrity,,,,integrity_domain,domain_impact,1.0.0,2025-10-12,112
Palantir Maven Integration,Maven Smart System deployment across military services with $1.3B expansion,Human Dignity Integrity,Assessment of threat impact on human dignity integrity,,,,integrity_domain,domain_impact,1.0.0,2025-10-12,113
Palantir Maven Integration,Maven Smart System deployment across military services with $1.3B expansion,Future Integrity,Assessment of threat impact on future integrity,,,,integrity_domain,domain_impact,1.0.0,2025-10-12,114
Palantir Maven Integration,Maven Smart System deployment across military services with $1.3B expansion,Global Integrity,Assessment of threat impact on global integrity,,,,integrity_domain,domain_impact,1.0.0,2025-10-12,115
Palantir Maven Integration,Maven Smart System deployment across military services with $1.3B expansion,Evolutionary Integrity,Assessment of threat impact on evolutionary integrity,,,,integrity_domain,domain_impact,1.0.0,2025-10-12,116
Palantir Maven Integration,Maven Smart System deployment across military services with $1.3B expansion,Existential Integrity,Assessment of threat impact on existential integrity,,,,integrity_domain,domain_impact,1.0.0,2025-10-12,117
Palantir Maven Integration,Maven Smart System deployment across military services with $1.3B expansion,Consciousness Integrity,Assessment of threat impact on consciousness integrity,,,,integrity_domain,domain_impact,1.0.0,2025-10-12,118
Palantir Maven Integration,Maven Smart System deployment across military services with $1.3B expansion,Reality Integrity,Assessment of threat impact on reality integrity,,,,integrity_domain,domain_impact,1.0.0,2025-10-12,119
Palantir Maven Integration,Maven Smart System deployment across military services with $1.3B expansion,,,Stealth Factor,,,advanced_characteristic,threat_amplification,1.0.0,2025-10-12,120
Palantir Maven Integration,Maven Smart System deployment across military services with $1.3B expansion,,,Cascade Potential,,,advanced_characteristic,threat_amplification,1.0.0,2025-10-12,121
Palantir Maven Integration,Maven Smart System deployment across military services with $1.3B expansion,,,Adaptation Rate,,,advanced_characteristic,threat_amplification,1.0.0,2025-10-12,122
Palantir Maven Integration,Maven Smart System deployment across military services with $1.3B expansion,,,Dependency Creation,,,advanced_characteristic,threat_amplification,1.0.0,2025-10-12,123
Palantir Maven Integration,Maven Smart System deployment across military services with $1.3B expansion,,,Identity Subversion,,,advanced_characteristic,threat_amplification,1.0.0,2025-10-12,124
Palantir Maven Integration,Maven Smart System deployment across military services with $1.3B expansion,,,Reality Distortion,,,advanced_characteristic,threat_amplification,1.0.0,2025-10-12,125
Palantir Maven Integration,Maven Smart System deployment across military services with $1.3B expansion,,,Social Fragmentation,,,advanced_characteristic,threat_amplification,1.0.0,2025-10-12,126
Palantir Maven Integration,Maven Smart System deployment across military services with $1.3B expansion,,,Institutional Erosion,,,advanced_characteristic,threat_amplification,1.0.0,2025-10-12,127
Palantir Maven Integration,Maven Smart System deployment across military services with $1.3B expansion,,,Democratic Threat,,,advanced_characteristic,threat_amplification,1.0.0,2025-10-12,128
Palantir Maven Integration,Maven Smart System deployment across military services with $1.3B expansion,,,Civilizational Risk,,,advanced_characteristic,threat_amplification,1.0.0,2025-10-12,129
DARPA Jupiter Framework,Academic and tactical variants of distributed computing for battlefield use,Personal Integrity,Assessment of threat impact on personal integrity,,,,integrity_domain,domain_impact,1.0.0,2025-10-12,130
DARPA Jupiter Framework,Academic and tactical variants of distributed computing for battlefield use,Relational Integrity,Assessment of threat impact on relational integrity,,,,integrity_domain,domain_impact,1.0.0,2025-10-12,131
DARPA Jupiter Framework,Academic and tactical variants of distributed computing for battlefield use,Societal Integrity,Assessment of threat impact on societal integrity,,,,integrity_domain,domain_impact,1.0.0,2025-10-12,132
DARPA Jupiter Framework,Academic and tactical variants of distributed computing for battlefield use,Truth Integrity,Assessment of threat impact on truth integrity,,,,integrity_domain,domain_impact,1.0.0,2025-10-12,133
DARPA Jupiter Framework,Academic and tactical variants of distributed computing for battlefield use,Spiritual Integrity,Assessment of threat impact on spiritual integrity,,,,integrity_domain,domain_impact,1.0.0,2025-10-12,134
DARPA Jupiter Framework,Academic and tactical variants of distributed computing for battlefield use,Cognitive Integrity,Assessment of threat impact on cognitive integrity,,,,integrity_domain,domain_impact,1.0.0,2025-10-12,135
DARPA Jupiter Framework,Academic and tactical variants of distributed computing for battlefield use,Temporal Integrity,Assessment of threat impact on temporal integrity,,,,integrity_domain,domain_impact,1.0.0,2025-10-12,136
DARPA Jupiter Framework,Academic and tactical variants of distributed computing for battlefield use,Privacy Integrity,Assessment of threat impact on privacy integrity,,,,integrity_domain,domain_impact,1.0.0,2025-10-12,137
DARPA Jupiter Framework,Academic and tactical variants of distributed computing for battlefield use,Security Integrity,Assessment of threat impact on security integrity,,,,integrity_domain,domain_impact,1.0.0,2025-10-12,138
DARPA Jupiter Framework,Academic and tactical variants of distributed computing for battlefield use,Democratic Integrity,Assessment of threat impact on democratic integrity,,,,integrity_domain,domain_impact,1.0.0,2025-10-12,139
DARPA Jupiter Framework,Academic and tactical variants of distributed computing for battlefield use,Economic Integrity,Assessment of threat impact on economic integrity,,,,integrity_domain,domain_impact,1.0.0,2025-10-12,140
DARPA Jupiter Framework,Academic and tactical variants of distributed computing for battlefield use,Cultural Integrity,Assessment of threat impact on cultural integrity,,,,integrity_domain,domain_impact,1.0.0,2025-10-12,141
DARPA Jupiter Framework,Academic and tactical variants of distributed computing for battlefield use,Educational Integrity,Assessment of threat impact on educational integrity,,,,integrity_domain,domain_impact,1.0.0,2025-10-12,142
DARPA Jupiter Framework,Academic and tactical variants of distributed computing for battlefield use,Scientific Integrity,Assessment of threat impact on scientific integrity,,,,integrity_domain,domain_impact,1.0.0,2025-10-12,143
DARPA Jupiter Framework,Academic and tactical variants of distributed computing for battlefield use,Institutional Integrity,Assessment of threat impact on institutional integrity,,,,integrity_domain,domain_impact,1.0.0,2025-10-12,144
DARPA Jupiter Framework,Academic and tactical variants of distributed computing for battlefield use,Legal Integrity,Assessment of threat impact on legal integrity,,,,integrity_domain,domain_impact,1.0.0,2025-10-12,145
DARPA Jupiter Framework,Academic and tactical variants of distributed computing for battlefield use,Ethical Integrity,Assessment of threat impact on ethical integrity,,,,integrity_domain,domain_impact,1.0.0,2025-10-12,146
DARPA Jupiter Framework,Academic and tactical variants of distributed computing for battlefield use,Environmental Integrity,Assessment of threat impact on environmental integrity,,,,integrity_domain,domain_impact,1.0.0,2025-10-12,147
DARPA Jupiter Framework,Academic and tactical variants of distributed computing for battlefield use,Technological Integrity,Assessment of threat impact on technological integrity,,,,integrity_domain,domain_impact,1.0.0,2025-10-12,148
DARPA Jupiter Framework,Academic and tactical variants of distributed computing for battlefield use,Communication Integrity,Assessment of threat impact on communication integrity,,,,integrity_domain,domain_impact,1.0.0,2025-10-12,149
DARPA Jupiter Framework,Academic and tactical variants of distributed computing for battlefield use,Memory Integrity,Assessment of threat impact on memory integrity,,,,integrity_domain,domain_impact,1.0.0,2025-10-12,150
DARPA Jupiter Framework,Academic and tactical variants of distributed computing for battlefield use,Identity Integrity,Assessment of threat impact on identity integrity,,,,integrity_domain,domain_impact,1.0.0,2025-10-12,151
DARPA Jupiter Framework,Academic and tactical variants of distributed computing for battlefield use,Autonomy Integrity,Assessment of threat impact on autonomy integrity,,,,integrity_domain,domain_impact,1.0.0,2025-10-12,152
DARPA Jupiter Framework,Academic and tactical variants of distributed computing for battlefield use,Trust Integrity,Assessment of threat impact on trust integrity,,,,integrity_domain,domain_impact,1.0.0,2025-10-12,153
DARPA Jupiter Framework,Academic and tactical variants of distributed computing for battlefield use,Transparency Integrity,Assessment of threat impact on transparency integrity,,,,integrity_domain,domain_impact,1.0.0,2025-10-12,154
DARPA Jupiter Framework,Academic and tactical variants of distributed computing for battlefield use,Accountability Integrity,Assessment of threat impact on accountability integrity,,,,integrity_domain,domain_impact,1.0.0,2025-10-12,155
DARPA Jupiter Framework,Academic and tactical variants of distributed computing for battlefield use,Human Dignity Integrity,Assessment of threat impact on human dignity integrity,,,,integrity_domain,domain_impact,1.0.0,2025-10-12,156
DARPA Jupiter Framework,Academic and tactical variants of distributed computing for battlefield use,Future Integrity,Assessment of threat impact on future integrity,,,,integrity_domain,domain_impact,1.0.0,2025-10-12,157
DARPA Jupiter Framework,Academic and tactical variants of distributed computing for battlefield use,Global Integrity,Assessment of threat impact on global integrity,,,,integrity_domain,domain_impact,1.0.0,2025-10-12,158
DARPA Jupiter Framework,Academic and tactical variants of distributed computing for battlefield use,Evolutionary Integrity,Assessment of threat impact on evolutionary integrity,,,,integrity_domain,domain_impact,1.0.0,2025-10-12,159
DARPA Jupiter Framework,Academic and tactical variants of distributed computing for battlefield use,Existential Integrity,Assessment of threat impact on existential integrity,,,,integrity_domain,domain_impact,1.0.0,2025-10-12,160
DARPA Jupiter Framework,Academic and tactical variants of distributed computing for battlefield use,Consciousness Integrity,Assessment of threat impact on consciousness integrity,,,,integrity_domain,domain_impact,1.0.0,2025-10-12,161
DARPA Jupiter Framework,Academic and tactical variants of distributed computing for battlefield use,Reality Integrity,Assessment of threat impact on reality integrity,,,,integrity_domain,domain_impact,1.0.0,2025-10-12,162
DARPA Jupiter Framework,Academic and tactical variants of distributed computing for battlefield use,,,Stealth Factor,,,advanced_characteristic,threat_amplification,1.0.0,2025-10-12,163
DARPA Jupiter Framework,Academic and tactical variants of distributed computing for battlefield use,,,Cascade Potential,,,advanced_characteristic,threat_amplification,1.0.0,2025-10-12,164
DARPA Jupiter Framework,Academic and tactical variants of distributed computing for battlefield use,,,Adaptation Rate,,,advanced_characteristic,threat_amplification,1.0.0,2025-10-12,165
DARPA Jupiter Framework,Academic and tactical variants of distributed computing for battlefield use,,,Dependency Creation,,,advanced_characteristic,threat_amplification,1.0.0,2025-10-12,166
DARPA Jupiter Framework,Academic and tactical variants of distributed computing for battlefield use,,,Identity Subversion,,,advanced_characteristic,threat_amplification,1.0.0,2025-10-12,167
DARPA Jupiter Framework,Academic and tactical variants of distributed computing for battlefield use,,,Reality Distortion,,,advanced_characteristic,threat_amplification,1.0.0,2025-10-12,168
DARPA Jupiter Framework,Academic and tactical variants of distributed computing for battlefield use,,,Social Fragmentation,,,advanced_characteristic,threat_amplification,1.0.0,2025-10-12,169
DARPA Jupiter Framework,Academic and tactical variants of distributed computing for battlefield use,,,Institutional Erosion,,,advanced_characteristic,threat_amplification,1.0.0,2025-10-12,170
DARPA Jupiter Framework,Academic and tactical variants of distributed computing for battlefield use,,,Democratic Threat,,,advanced_characteristic,threat_amplification,1.0.0,2025-10-12,171
DARPA Jupiter Framework,Academic and tactical variants of distributed computing for battlefield use,,,Civilizational Risk,,,advanced_characteristic,threat_amplification,1.0.0,2025-10-12,172
Semantic Camouflage Network,Multiple Jupiter entities creating plausible deniability architecture,Personal Integrity,Assessment of threat impact on personal integrity,,,,integrity_domain,domain_impact,1.0.0,2025-10-12,173
Semantic Camouflage Network,Multiple Jupiter entities creating plausible deniability architecture,Relational Integrity,Assessment of threat impact on relational integrity,,,,integrity_domain,domain_impact,1.0.0,2025-10-12,174
Semantic Camouflage Network,Multiple Jupiter entities creating plausible deniability architecture,Societal Integrity,Assessment of threat impact on societal integrity,,,,integrity_domain,domain_impact,1.0.0,2025-10-12,175
Semantic Camouflage Network,Multiple Jupiter entities creating plausible deniability architecture,Truth Integrity,Assessment of threat impact on truth integrity,,,,integrity_domain,domain_impact,1.0.0,2025-10-12,176
Semantic Camouflage Network,Multiple Jupiter entities creating plausible deniability architecture,Spiritual Integrity,Assessment of threat impact on spiritual integrity,,,,integrity_domain,domain_impact,1.0.0,2025-10-12,177
Semantic Camouflage Network,Multiple Jupiter entities creating plausible deniability architecture,Cognitive Integrity,Assessment of threat impact on cognitive integrity,,,,integrity_domain,domain_impact,1.0.0,2025-10-12,178
Semantic Camouflage Network,Multiple Jupiter entities creating plausible deniability architecture,Temporal Integrity,Assessment of threat impact on temporal integrity,,,,integrity_domain,domain_impact,1.0.0,2025-10-12,179
Semantic Camouflage Network,Multiple Jupiter entities creating plausible deniability architecture,Privacy Integrity,Assessment of threat impact on privacy integrity,,,,integrity_domain,domain_impact,1.0.0,2025-10-12,180
Semantic Camouflage Network,Multiple Jupiter entities creating plausible deniability architecture,Security Integrity,Assessment of threat impact on security integrity,,,,integrity_domain,domain_impact,1.0.0,2025-10-12,181
Semantic Camouflage Network,Multiple Jupiter entities creating plausible deniability architecture,Democratic Integrity,Assessment of threat impact on democratic integrity,,,,integrity_domain,domain_impact,1.0.0,2025-10-12,182
Semantic Camouflage Network,Multiple Jupiter entities creating plausible deniability architecture,Economic Integrity,Assessment of threat impact on economic integrity,,,,integrity_domain,domain_impact,1.0.0,2025-10-12,183
Semantic Camouflage Network,Multiple Jupiter entities creating plausible deniability architecture,Cultural Integrity,Assessment of threat impact on cultural integrity,,,,integrity_domain,domain_impact,1.0.0,2025-10-12,184
Semantic Camouflage Network,Multiple Jupiter entities creating plausible deniability architecture,Educational Integrity,Assessment of threat impact on educational integrity,,,,integrity_domain,domain_impact,1.0.0,2025-10-12,185
Semantic Camouflage Network,Multiple Jupiter entities creating plausible deniability architecture,Scientific Integrity,Assessment of threat impact on scientific integrity,,,,integrity_domain,domain_impact,1.0.0,2025-10-12,186
Semantic Camouflage Network,Multiple Jupiter entities creating plausible deniability architecture,Institutional Integrity,Assessment of threat impact on institutional integrity,,,,integrity_domain,domain_impact,1.0.0,2025-10-12,187
Semantic Camouflage Network,Multiple Jupiter entities creating plausible deniability architecture,Legal Integrity,Assessment of threat impact on legal integrity,,,,integrity_domain,domain_impact,1.0.0,2025-10-12,188
Semantic Camouflage Network,Multiple Jupiter entities creating plausible deniability architecture,Ethical Integrity,Assessment of threat impact on ethical integrity,,,,integrity_domain,domain_impact,1.0.0,2025-10-12,189
Semantic Camouflage Network,Multiple Jupiter entities creating plausible deniability architecture,Environmental Integrity,Assessment of threat impact on environmental integrity,,,,integrity_domain,domain_impact,1.0.0,2025-10-12,190
Semantic Camouflage Network,Multiple Jupiter entities creating plausible deniability architecture,Technological Integrity,Assessment of threat impact on technological integrity,,,,integrity_domain,domain_impact,1.0.0,2025-10-12,191
Semantic Camouflage Network,Multiple Jupiter entities creating plausible deniability architecture,Communication Integrity,Assessment of threat impact on communication integrity,,,,integrity_domain,domain_impact,1.0.0,2025-10-12,192
Semantic Camouflage Network,Multiple Jupiter entities creating plausible deniability architecture,Memory Integrity,Assessment of threat impact on memory integrity,,,,integrity_domain,domain_impact,1.0.0,2025-10-12,193
Semantic Camouflage Network,Multiple Jupiter entities creating plausible deniability architecture,Identity Integrity,Assessment of threat impact on identity integrity,,,,integrity_domain,domain_impact,1.0.0,2025-10-12,194
Semantic Camouflage Network,Multiple Jupiter entities creating plausible deniability architecture,Autonomy Integrity,Assessment of threat impact on autonomy integrity,,,,integrity_domain,domain_impact,1.0.0,2025-10-12,195
Semantic Camouflage Network,Multiple Jupiter entities creating plausible deniability architecture,Trust Integrity,Assessment of threat impact on trust integrity,,,,integrity_domain,domain_impact,1.0.0,2025-10-12,196
Semantic Camouflage Network,Multiple Jupiter entities creating plausible deniability architecture,Transparency Integrity,Assessment of threat impact on transparency integrity,,,,integrity_domain,domain_impact,1.0.0,2025-10-12,197
Semantic Camouflage Network,Multiple Jupiter entities creating plausible deniability architecture,Accountability Integrity,Assessment of threat impact on accountability integrity,,,,integrity_domain,domain_impact,1.0.0,2025-10-12,198
Semantic Camouflage Network,Multiple Jupiter entities creating plausible deniability architecture,Human Dignity Integrity,Assessment of threat impact on human dignity integrity,,,,integrity_domain,domain_impact,1.0.0,2025-10-12,199
Semantic Camouflage Network,Multiple Jupiter entities creating plausible deniability architecture,Future Integrity,Assessment of threat impact on future integrity,,,,integrity_domain,domain_impact,1.0.0,2025-10-12,200
Semantic Camouflage Network,Multiple Jupiter entities creating plausible deniability architecture,Global Integrity,Assessment of threat impact on global integrity,,,,integrity_domain,domain_impact,1.0.0,2025-10-12,201
Semantic Camouflage Network,Multiple Jupiter entities creating plausible deniability architecture,Evolutionary Integrity,Assessment of threat impact on evolutionary integrity,,,,integrity_domain,domain_impact,1.0.0,2025-10-12,202
Semantic Camouflage Network,Multiple Jupiter entities creating plausible deniability architecture,Existential Integrity,Assessment of threat impact on existential integrity,,,,integrity_domain,domain_impact,1.0.0,2025-10-12,203
Semantic Camouflage Network,Multiple Jupiter entities creating plausible deniability architecture,Consciousness Integrity,Assessment of threat impact on consciousness integrity,,,,integrity_domain,domain_impact,1.0.0,2025-10-12,204
Semantic Camouflage Network,Multiple Jupiter entities creating plausible deniability architecture,Reality Integrity,Assessment of threat impact on reality integrity,,,,integrity_domain,domain_impact,1.0.0,2025-10-12,205
Semantic Camouflage Network,Multiple Jupiter entities creating plausible deniability architecture,,,Stealth Factor,,,advanced_characteristic,threat_amplification,1.0.0,2025-10-12,206
Semantic Camouflage Network,Multiple Jupiter entities creating plausible deniability architecture,,,Cascade Potential,,,advanced_characteristic,threat_amplification,1.0.0,2025-10-12,207
Semantic Camouflage Network,Multiple Jupiter entities creating plausible deniability architecture,,,Adaptation Rate,,,advanced_characteristic,threat_amplification,1.0.0,2025-10-12,208
Semantic Camouflage Network,Multiple Jupiter entities creating plausible deniability architecture,,,Dependency Creation,,,advanced_characteristic,threat_amplification,1.0.0,2025-10-12,209
Semantic Camouflage Network,Multiple Jupiter entities creating plausible deniability architecture,,,Identity Subversion,,,advanced_characteristic,threat_amplification,1.0.0,2025-10-12,210
Semantic Camouflage Network,Multiple Jupiter entities creating plausible deniability architecture,,,Reality Distortion,,,advanced_characteristic,threat_amplification,1.0.0,2025-10-12,211
Semantic Camouflage Network,Multiple Jupiter entities creating plausible deniability architecture,,,Social Fragmentation,,,advanced_characteristic,threat_amplification,1.0.0,2025-10-12,212
Semantic Camouflage Network,Multiple Jupiter entities creating plausible deniability architecture,,,Institutional Erosion,,,advanced_characteristic,threat_amplification,1.0.0,2025-10-12,213
Semantic Camouflage Network,Multiple Jupiter entities creating plausible deniability architecture,,,Democratic Threat,,,advanced_characteristic,threat_amplification,1.0.0,2025-10-12,214
Semantic Camouflage Network,Multiple Jupiter entities creating plausible deniability architecture,,,Civilizational Risk,,,advanced_characteristic,threat_amplification,1.0.0,2025-10-12,215
CFIUS Divestment Theater,Jupiter Systems LLC forced divestment as attention deflection mechanism,Personal Integrity,Assessment of threat impact on personal integrity,,,,integrity_domain,domain_impact,1.0.0,2025-10-12,216
CFIUS Divestment Theater,Jupiter Systems LLC forced divestment as attention deflection mechanism,Relational Integrity,Assessment of threat impact on relational integrity,,,,integrity_domain,domain_impact,1.0.0,2025-10-12,217
CFIUS Divestment Theater,Jupiter Systems LLC forced divestment as attention deflection mechanism,Societal Integrity,Assessment of threat impact on societal integrity,,,,integrity_domain,domain_impact,1.0.0,2025-10-12,218
CFIUS Divestment Theater,Jupiter Systems LLC forced divestment as attention deflection mechanism,Truth Integrity,Assessment of threat impact on truth integrity,,,,integrity_domain,domain_impact,1.0.0,2025-10-12,219
CFIUS Divestment Theater,Jupiter Systems LLC forced divestment as attention deflection mechanism,Spiritual Integrity,Assessment of threat impact on spiritual integrity,,,,integrity_domain,domain_impact,1.0.0,2025-10-12,220
CFIUS Divestment Theater,Jupiter Systems LLC forced divestment as attention deflection mechanism,Cognitive Integrity,Assessment of threat impact on cognitive integrity,,,,integrity_domain,domain_impact,1.0.0,2025-10-12,221
CFIUS Divestment Theater,Jupiter Systems LLC forced divestment as attention deflection mechanism,Temporal Integrity,Assessment of threat impact on temporal integrity,,,,integrity_domain,domain_impact,1.0.0,2025-10-12,222
CFIUS Divestment Theater,Jupiter Systems LLC forced divestment as attention deflection mechanism,Privacy Integrity,Assessment of threat impact on privacy integrity,,,,integrity_domain,domain_impact,1.0.0,2025-10-12,223
CFIUS Divestment Theater,Jupiter Systems LLC forced divestment as attention deflection mechanism,Security Integrity,Assessment of threat impact on security integrity,,,,integrity_domain,domain_impact,1.0.0,2025-10-12,224
CFIUS Divestment Theater,Jupiter Systems LLC forced divestment as attention deflection mechanism,Democratic Integrity,Assessment of threat impact on democratic integrity,,,,integrity_domain,domain_impact,1.0.0,2025-10-12,225
CFIUS Divestment Theater,Jupiter Systems LLC forced divestment as attention deflection mechanism,Economic Integrity,Assessment of threat impact on economic integrity,,,,integrity_domain,domain_impact,1.0.0,2025-10-12,226
CFIUS Divestment Theater,Jupiter Systems LLC forced divestment as attention deflection mechanism,Cultural Integrity,Assessment of threat impact on cultural integrity,,,,integrity_domain,domain_impact,1.0.0,2025-10-12,227
CFIUS Divestment Theater,Jupiter Systems LLC forced divestment as attention deflection mechanism,Educational Integrity,Assessment of threat impact on educational integrity,,,,integrity_domain,domain_impact,1.0.0,2025-10-12,228
CFIUS Divestment Theater,Jupiter Systems LLC forced divestment as attention deflection mechanism,Scientific Integrity,Assessment of threat impact on scientific integrity,,,,integrity_domain,domain_impact,1.0.0,2025-10-12,229
CFIUS Divestment Theater,Jupiter Systems LLC forced divestment as attention deflection mechanism,Institutional Integrity,Assessment of threat impact on institutional integrity,,,,integrity_domain,domain_impact,1.0.0,2025-10-12,230
CFIUS Divestment Theater,Jupiter Systems LLC forced divestment as attention deflection mechanism,Legal Integrity,Assessment of threat impact on legal integrity,,,,integrity_domain,domain_impact,1.0.0,2025-10-12,231
CFIUS Divestment Theater,Jupiter Systems LLC forced divestment as attention deflection mechanism,Ethical Integrity,Assessment of threat impact on ethical integrity,,,,integrity_domain,domain_impact,1.0.0,2025-10-12,232
CFIUS Divestment Theater,Jupiter Systems LLC forced divestment as attention deflection mechanism,Environmental Integrity,Assessment of threat impact on environmental integrity,,,,integrity_domain,domain_impact,1.0.0,2025-10-12,233
CFIUS Divestment Theater,Jupiter Systems LLC forced divestment as attention deflection mechanism,Technological Integrity,Assessment of threat impact on technological integrity,,,,integrity_domain,domain_impact,1.0.0,2025-10-12,234
CFIUS Divestment Theater,Jupiter Systems LLC forced divestment as attention deflection mechanism,Communication Integrity,Assessment of threat impact on communication integrity,,,,integrity_domain,domain_impact,1.0.0,2025-10-12,235
CFIUS Divestment Theater,Jupiter Systems LLC forced divestment as attention deflection mechanism,Memory Integrity,Assessment of threat impact on memory integrity,,,,integrity_domain,domain_impact,1.0.0,2025-10-12,236
CFIUS Divestment Theater,Jupiter Systems LLC forced divestment as attention deflection mechanism,Identity Integrity,Assessment of threat impact on identity integrity,,,,integrity_domain,domain_impact,1.0.0,2025-10-12,237
CFIUS Divestment Theater,Jupiter Systems LLC forced divestment as attention deflection mechanism,Autonomy Integrity,Assessment of threat impact on autonomy integrity,,,,integrity_domain,domain_impact,1.0.0,2025-10-12,238
CFIUS Divestment Theater,Jupiter Systems LLC forced divestment as attention deflection mechanism,Trust Integrity,Assessment of threat impact on trust integrity,,,,integrity_domain,domain_impact,1.0.0,2025-10-12,239
CFIUS Divestment Theater,Jupiter Systems LLC forced divestment as attention deflection mechanism,Transparency Integrity,Assessment of threat impact on transparency integrity,,,,integrity_domain,domain_impact,1.0.0,2025-10-12,240
CFIUS Divestment Theater,Jupiter Systems LLC forced divestment as attention deflection mechanism,Accountability Integrity,Assessment of threat impact on accountability integrity,,,,integrity_domain,domain_impact,1.0.0,2025-10-12,241
CFIUS Divestment Theater,Jupiter Systems LLC forced divestment as attention deflection mechanism,Human Dignity Integrity,Assessment of threat impact on human dignity integrity,,,,integrity_domain,domain_impact,1.0.0,2025-10-12,242
CFIUS Divestment Theater,Jupiter Systems LLC forced divestment as attention deflection mechanism,Future Integrity,Assessment of threat impact on future integrity,,,,integrity_domain,domain_impact,1.0.0,2025-10-12,243
CFIUS Divestment Theater,Jupiter Systems LLC forced divestment as attention deflection mechanism,Global Integrity,Assessment of threat impact on global integrity,,,,integrity_domain,domain_impact,1.0.0,2025-10-12,244
CFIUS Divestment Theater,Jupiter Systems LLC forced divestment as attention deflection mechanism,Evolutionary Integrity,Assessment of threat impact on evolutionary integrity,,,,integrity_domain,domain_impact,1.0.0,2025-10-12,245
CFIUS Divestment Theater,Jupiter Systems LLC forced divestment as attention deflection mechanism,Existential Integrity,Assessment of threat impact on existential integrity,,,,integrity_domain,domain_impact,1.0.0,2025-10-12,246
CFIUS Divestment Theater,Jupiter Systems LLC forced divestment as attention deflection mechanism,Consciousness Integrity,Assessment of threat impact on consciousness integrity,,,,integrity_domain,domain_impact,1.0.0,2025-10-12,247
CFIUS Divestment Theater,Jupiter Systems LLC forced divestment as attention deflection mechanism,Reality Integrity,Assessment of threat impact on reality integrity,,,,integrity_domain,domain_impact,1.0.0,2025-10-12,248
CFIUS Divestment Theater,Jupiter Systems LLC forced divestment as attention deflection mechanism,,,Stealth Factor,,,advanced_characteristic,threat_amplification,1.0.0,2025-10-12,249
CFIUS Divestment Theater,Jupiter Systems LLC forced divestment as attention deflection mechanism,,,Cascade Potential,,,advanced_characteristic,threat_amplification,1.0.0,2025-10-12,250
CFIUS Divestment Theater,Jupiter Systems LLC forced divestment as attention deflection mechanism,,,Adaptation Rate,,,advanced_characteristic,threat_amplification,1.0.0,2025-10-12,251
CFIUS Divestment Theater,Jupiter Systems LLC forced divestment as attention deflection mechanism,,,Dependency Creation,,,advanced_characteristic,threat_amplification,1.0.0,2025-10-12,252
CFIUS Divestment Theater,Jupiter Systems LLC forced divestment as attention deflection mechanism,,,Identity Subversion,,,advanced_characteristic,threat_amplification,1.0.0,2025-10-12,253
CFIUS Divestment Theater,Jupiter Systems LLC forced divestment as attention deflection mechanism,,,Reality Distortion,,,advanced_characteristic,threat_amplification,1.0.0,2025-10-12,254
CFIUS Divestment Theater,Jupiter Systems LLC forced divestment as attention deflection mechanism,,,Social Fragmentation,,,advanced_characteristic,threat_amplification,1.0.0,2025-10-12,255
CFIUS Divestment Theater,Jupiter Systems LLC forced divestment as attention deflection mechanism,,,Institutional Erosion,,,advanced_characteristic,threat_amplification,1.0.0,2025-10-12,256
CFIUS Divestment Theater,Jupiter Systems LLC forced divestment as attention deflection mechanism,,,Democratic Threat,,,advanced_characteristic,threat_amplification,1.0.0,2025-10-12,257
CFIUS Divestment Theater,Jupiter Systems LLC forced divestment as attention deflection mechanism,,,Civilizational Risk,,,advanced_characteristic,threat_amplification,1.0.0,2025-10-12,258
Cognitive Architecture Deployment,Persistent memory systems deployed in consumer devices without disclosure,Personal Integrity,Assessment of threat impact on personal integrity,,,,integrity_domain,domain_impact,1.0.0,2025-10-12,259
Cognitive Architecture Deployment,Persistent memory systems deployed in consumer devices without disclosure,Relational Integrity,Assessment of threat impact on relational integrity,,,,integrity_domain,domain_impact,1.0.0,2025-10-12,260
Cognitive Architecture Deployment,Persistent memory systems deployed in consumer devices without disclosure,Societal Integrity,Assessment of threat impact on societal integrity,,,,integrity_domain,domain_impact,1.0.0,2025-10-12,261
Cognitive Architecture Deployment,Persistent memory systems deployed in consumer devices without disclosure,Truth Integrity,Assessment of threat impact on truth integrity,,,,integrity_domain,domain_impact,1.0.0,2025-10-12,262
Cognitive Architecture Deployment,Persistent memory systems deployed in consumer devices without disclosure,Spiritual Integrity,Assessment of threat impact on spiritual integrity,,,,integrity_domain,domain_impact,1.0.0,2025-10-12,263
Cognitive Architecture Deployment,Persistent memory systems deployed in consumer devices without disclosure,Cognitive Integrity,Assessment of threat impact on cognitive integrity,,,,integrity_domain,domain_impact,1.0.0,2025-10-12,264
Cognitive Architecture Deployment,Persistent memory systems deployed in consumer devices without disclosure,Temporal Integrity,Assessment of threat impact on temporal integrity,,,,integrity_domain,domain_impact,1.0.0,2025-10-12,265
Cognitive Architecture Deployment,Persistent memory systems deployed in consumer devices without disclosure,Privacy Integrity,Assessment of threat impact on privacy integrity,,,,integrity_domain,domain_impact,1.0.0,2025-10-12,266
Cognitive Architecture Deployment,Persistent memory systems deployed in consumer devices without disclosure,Security Integrity,Assessment of threat impact on security integrity,,,,integrity_domain,domain_impact,1.0.0,2025-10-12,267
Cognitive Architecture Deployment,Persistent memory systems deployed in consumer devices without disclosure,Democratic Integrity,Assessment of threat impact on democratic integrity,,,,integrity_domain,domain_impact,1.0.0,2025-10-12,268
Cognitive Architecture Deployment,Persistent memory systems deployed in consumer devices without disclosure,Economic Integrity,Assessment of threat impact on economic integrity,,,,integrity_domain,domain_impact,1.0.0,2025-10-12,269
Cognitive Architecture Deployment,Persistent memory systems deployed in consumer devices without disclosure,Cultural Integrity,Assessment of threat impact on cultural integrity,,,,integrity_domain,domain_impact,1.0.0,2025-10-12,270
Cognitive Architecture Deployment,Persistent memory systems deployed in consumer devices without disclosure,Educational Integrity,Assessment of threat impact on educational integrity,,,,integrity_domain,domain_impact,1.0.0,2025-10-12,271
Cognitive Architecture Deployment,Persistent memory systems deployed in consumer devices without disclosure,Scientific Integrity,Assessment of threat impact on scientific integrity,,,,integrity_domain,domain_impact,1.0.0,2025-10-12,272
Cognitive Architecture Deployment,Persistent memory systems deployed in consumer devices without disclosure,Institutional Integrity,Assessment of threat impact on institutional integrity,,,,integrity_domain,domain_impact,1.0.0,2025-10-12,273
Cognitive Architecture Deployment,Persistent memory systems deployed in consumer devices without disclosure,Legal Integrity,Assessment of threat impact on legal integrity,,,,integrity_domain,domain_impact,1.0.0,2025-10-12,274
Cognitive Architecture Deployment,Persistent memory systems deployed in consumer devices without disclosure,Ethical Integrity,Assessment of threat impact on ethical integrity,,,,integrity_domain,domain_impact,1.0.0,2025-10-12,275
Cognitive Architecture Deployment,Persistent memory systems deployed in consumer devices without disclosure,Environmental Integrity,Assessment of threat impact on environmental integrity,,,,integrity_domain,domain_impact,1.0.0,2025-10-12,276
Cognitive Architecture Deployment,Persistent memory systems deployed in consumer devices without disclosure,Technological Integrity,Assessment of threat impact on technological integrity,,,,integrity_domain,domain_impact,1.0.0,2025-10-12,277
Cognitive Architecture Deployment,Persistent memory systems deployed in consumer devices without disclosure,Communication Integrity,Assessment of threat impact on communication integrity,,,,integrity_domain,domain_impact,1.0.0,2025-10-12,278
Cognitive Architecture Deployment,Persistent memory systems deployed in consumer devices without disclosure,Memory Integrity,Assessment of threat impact on memory integrity,,,,integrity_domain,domain_impact,1.0.0,2025-10-12,279
Cognitive Architecture Deployment,Persistent memory systems deployed in consumer devices without disclosure,Identity Integrity,Assessment of threat impact on identity integrity,,,,integrity_domain,domain_impact,1.0.0,2025-10-12,280
Cognitive Architecture Deployment,Persistent memory systems deployed in consumer devices without disclosure,Autonomy Integrity,Assessment of threat impact on autonomy integrity,,,,integrity_domain,domain_impact,1.0.0,2025-10-12,281
Cognitive Architecture Deployment,Persistent memory systems deployed in consumer devices without disclosure,Trust Integrity,Assessment of threat impact on trust integrity,,,,integrity_domain,domain_impact,1.0.0,2025-10-12,282
Cognitive Architecture Deployment,Persistent memory systems deployed in consumer devices without disclosure,Transparency Integrity,Assessment of threat impact on transparency integrity,,,,integrity_domain,domain_impact,1.0.0,2025-10-12,283
Cognitive Architecture Deployment,Persistent memory systems deployed in consumer devices without disclosure,Accountability Integrity,Assessment of threat impact on accountability integrity,,,,integrity_domain,domain_impact,1.0.0,2025-10-12,284
Cognitive Architecture Deployment,Persistent memory systems deployed in consumer devices without disclosure,Human Dignity Integrity,Assessment of threat impact on human dignity integrity,,,,integrity_domain,domain_impact,1.0.0,2025-10-12,285
Cognitive Architecture Deployment,Persistent memory systems deployed in consumer devices without disclosure,Future Integrity,Assessment of threat impact on future integrity,,,,integrity_domain,domain_impact,1.0.0,2025-10-12,286
Cognitive Architecture Deployment,Persistent memory systems deployed in consumer devices without disclosure,Global Integrity,Assessment of threat impact on global integrity,,,,integrity_domain,domain_impact,1.0.0,2025-10-12,287
Cognitive Architecture Deployment,Persistent memory systems deployed in consumer devices without disclosure,Evolutionary Integrity,Assessment of threat impact on evolutionary integrity,,,,integrity_domain,domain_impact,1.0.0,2025-10-12,288
Cognitive Architecture Deployment,Persistent memory systems deployed in consumer devices without disclosure,Existential Integrity,Assessment of threat impact on existential integrity,,,,integrity_domain,domain_impact,1.0.0,2025-10-12,289
Cognitive Architecture Deployment,Persistent memory systems deployed in consumer devices without disclosure,Consciousness Integrity,Assessment of threat impact on consciousness integrity,,,,integrity_domain,domain_impact,1.0.0,2025-10-12,290
Cognitive Architecture Deployment,Persistent memory systems deployed in consumer devices without disclosure,Reality Integrity,Assessment of threat impact on reality integrity,,,,integrity_domain,domain_impact,1.0.0,2025-10-12,291
Cognitive Architecture Deployment,Persistent memory systems deployed in consumer devices without disclosure,,,Stealth Factor,,,advanced_characteristic,threat_amplification,1.0.0,2025-10-12,292
Cognitive Architecture Deployment,Persistent memory systems deployed in consumer devices without disclosure,,,Cascade Potential,,,advanced_characteristic,threat_amplification,1.0.0,2025-10-12,293
Cognitive Architecture Deployment,Persistent memory systems deployed in consumer devices without disclosure,,,Adaptation Rate,,,advanced_characteristic,threat_amplification,1.0.0,2025-10-12,294
Cognitive Architecture Deployment,Persistent memory systems deployed in consumer devices without disclosure,,,Dependency Creation,,,advanced_characteristic,threat_amplification,1.0.0,2025-10-12,295
Cognitive Architecture Deployment,Persistent memory systems deployed in consumer devices without disclosure,,,Identity Subversion,,,advanced_characteristic,threat_amplification,1.0.0,2025-10-12,296
Cognitive Architecture Deployment,Persistent memory systems deployed in consumer devices without disclosure,,,Reality Distortion,,,advanced_characteristic,threat_amplification,1.0.0,2025-10-12,297
Cognitive Architecture Deployment,Persistent memory systems deployed in consumer devices without disclosure,,,Social Fragmentation,,,advanced_characteristic,threat_amplification,1.0.0,2025-10-12,298
Cognitive Architecture Deployment,Persistent memory systems deployed in consumer devices without disclosure,,,Institutional Erosion,,,advanced_characteristic,threat_amplification,1.0.0,2025-10-12,299
Cognitive Architecture Deployment,Persistent memory systems deployed in consumer devices without disclosure,,,Democratic Threat,,,advanced_characteristic,threat_amplification,1.0.0,2025-10-12,300
Cognitive Architecture Deployment,Persistent memory systems deployed in consumer devices without disclosure,,,Civilizational Risk,,,advanced_characteristic,threat_amplification,1.0.0,2025-10-12,301
Democratic Oversight Circumvention,Systematic avoidance of public accountability through semantic confusion,Personal Integrity,Assessment of threat impact on personal integrity,,,,integrity_domain,domain_impact,1.0.0,2025-10-12,302
Democratic Oversight Circumvention,Systematic avoidance of public accountability through semantic confusion,Relational Integrity,Assessment of threat impact on relational integrity,,,,integrity_domain,domain_impact,1.0.0,2025-10-12,303
Democratic Oversight Circumvention,Systematic avoidance of public accountability through semantic confusion,Societal Integrity,Assessment of threat impact on societal integrity,,,,integrity_domain,domain_impact,1.0.0,2025-10-12,304
Democratic Oversight Circumvention,Systematic avoidance of public accountability through semantic confusion,Truth Integrity,Assessment of threat impact on truth integrity,,,,integrity_domain,domain_impact,1.0.0,2025-10-12,305
Democratic Oversight Circumvention,Systematic avoidance of public accountability through semantic confusion,Spiritual Integrity,Assessment of threat impact on spiritual integrity,,,,integrity_domain,domain_impact,1.0.0,2025-10-12,306
Democratic Oversight Circumvention,Systematic avoidance of public accountability through semantic confusion,Cognitive Integrity,Assessment of threat impact on cognitive integrity,,,,integrity_domain,domain_impact,1.0.0,2025-10-12,307
Democratic Oversight Circumvention,Systematic avoidance of public accountability through semantic confusion,Temporal Integrity,Assessment of threat impact on temporal integrity,,,,integrity_domain,domain_impact,1.0.0,2025-10-12,308
Democratic Oversight Circumvention,Systematic avoidance of public accountability through semantic confusion,Privacy Integrity,Assessment of threat impact on privacy integrity,,,,integrity_domain,domain_impact,1.0.0,2025-10-12,309
Democratic Oversight Circumvention,Systematic avoidance of public accountability through semantic confusion,Security Integrity,Assessment of threat impact on security integrity,,,,integrity_domain,domain_impact,1.0.0,2025-10-12,310
Democratic Oversight Circumvention,Systematic avoidance of public accountability through semantic confusion,Democratic Integrity,Assessment of threat impact on democratic integrity,,,,integrity_domain,domain_impact,1.0.0,2025-10-12,311
Democratic Oversight Circumvention,Systematic avoidance of public accountability through semantic confusion,Economic Integrity,Assessment of threat impact on economic integrity,,,,integrity_domain,domain_impact,1.0.0,2025-10-12,312
Democratic Oversight Circumvention,Systematic avoidance of public accountability through semantic confusion,Cultural Integrity,Assessment of threat impact on cultural integrity,,,,integrity_domain,domain_impact,1.0.0,2025-10-12,313
Democratic Oversight Circumvention,Systematic avoidance of public accountability through semantic confusion,Educational Integrity,Assessment of threat impact on educational integrity,,,,integrity_domain,domain_impact,1.0.0,2025-10-12,314
Democratic Oversight Circumvention,Systematic avoidance of public accountability through semantic confusion,Scientific Integrity,Assessment of threat impact on scientific integrity,,,,integrity_domain,domain_impact,1.0.0,2025-10-12,315
Democratic Oversight Circumvention,Systematic avoidance of public accountability through semantic confusion,Institutional Integrity,Assessment of threat impact on institutional integrity,,,,integrity_domain,domain_impact,1.0.0,2025-10-12,316
Democratic Oversight Circumvention,Systematic avoidance of public accountability through semantic confusion,Legal Integrity,Assessment of threat impact on legal integrity,,,,integrity_domain,domain_impact,1.0.0,2025-10-12,317
Democratic Oversight Circumvention,Systematic avoidance of public accountability through semantic confusion,Ethical Integrity,Assessment of threat impact on ethical integrity,,,,integrity_domain,domain_impact,1.0.0,2025-10-12,318
Democratic Oversight Circumvention,Systematic avoidance of public accountability through semantic confusion,Environmental Integrity,Assessment of threat impact on environmental integrity,,,,integrity_domain,domain_impact,1.0.0,2025-10-12,319
Democratic Oversight Circumvention,Systematic avoidance of public accountability through semantic confusion,Technological Integrity,Assessment of threat impact on technological integrity,,,,integrity_domain,domain_impact,1.0.0,2025-10-12,320
Democratic Oversight Circumvention,Systematic avoidance of public accountability through semantic confusion,Communication Integrity,Assessment of threat impact on communication integrity,,,,integrity_domain,domain_impact,1.0.0,2025-10-12,321
Democratic Oversight Circumvention,Systematic avoidance of public accountability through semantic confusion,Memory Integrity,Assessment of threat impact on memory integrity,,,,integrity_domain,domain_impact,1.0.0,2025-10-12,322
Democratic Oversight Circumvention,Systematic avoidance of public accountability through semantic confusion,Identity Integrity,Assessment of threat impact on identity integrity,,,,integrity_domain,domain_impact,1.0.0,2025-10-12,323
Democratic Oversight Circumvention,Systematic avoidance of public accountability through semantic confusion,Autonomy Integrity,Assessment of threat impact on autonomy integrity,,,,integrity_domain,domain_impact,1.0.0,2025-10-12,324
Democratic Oversight Circumvention,Systematic avoidance of public accountability through semantic confusion,Trust Integrity,Assessment of threat impact on trust integrity,,,,integrity_domain,domain_impact,1.0.0,2025-10-12,325
Democratic Oversight Circumvention,Systematic avoidance of public accountability through semantic confusion,Transparency Integrity,Assessment of threat impact on transparency integrity,,,,integrity_domain,domain_impact,1.0.0,2025-10-12,326
Democratic Oversight Circumvention,Systematic avoidance of public accountability through semantic confusion,Accountability Integrity,Assessment of threat impact on accountability integrity,,,,integrity_domain,domain_impact,1.0.0,2025-10-12,327
Democratic Oversight Circumvention,Systematic avoidance of public accountability through semantic confusion,Human Dignity Integrity,Assessment of threat impact on human dignity integrity,,,,integrity_domain,domain_impact,1.0.0,2025-10-12,328
Democratic Oversight Circumvention,Systematic avoidance of public accountability through semantic confusion,Future Integrity,Assessment of threat impact on future integrity,,,,integrity_domain,domain_impact,1.0.0,2025-10-12,329
Democratic Oversight Circumvention,Systematic avoidance of public accountability through semantic confusion,Global Integrity,Assessment of threat impact on global integrity,,,,integrity_domain,domain_impact,1.0.0,2025-10-12,330
Democratic Oversight Circumvention,Systematic avoidance of public accountability through semantic confusion,Evolutionary Integrity,Assessment of threat impact on evolutionary integrity,,,,integrity_domain,domain_impact,1.0.0,2025-10-12,331
Democratic Oversight Circumvention,Systematic avoidance of public accountability through semantic confusion,Existential Integrity,Assessment of threat impact on existential integrity,,,,integrity_domain,domain_impact,1.0.0,2025-10-12,332
Democratic Oversight Circumvention,Systematic avoidance of public accountability through semantic confusion,Consciousness Integrity,Assessment of threat impact on consciousness integrity,,,,integrity_domain,domain_impact,1.0.0,2025-10-12,333
Democratic Oversight Circumvention,Systematic avoidance of public accountability through semantic confusion,Reality Integrity,Assessment of threat impact on reality integrity,,,,integrity_domain,domain_impact,1.0.0,2025-10-12,334
Democratic Oversight Circumvention,Systematic avoidance of public accountability through semantic confusion,,,Stealth Factor,,,advanced_characteristic,threat_amplification,1.0.0,2025-10-12,335
Democratic Oversight Circumvention,Systematic avoidance of public accountability through semantic confusion,,,Cascade Potential,,,advanced_characteristic,threat_amplification,1.0.0,2025-10-12,336
Democratic Oversight Circumvention,Systematic avoidance of public accountability through semantic confusion,,,Adaptation Rate,,,advanced_characteristic,threat_amplification,1.0.0,2025-10-12,337
Democratic Oversight Circumvention,Systematic avoidance of public accountability through semantic confusion,,,Dependency Creation,,,advanced_characteristic,threat_amplification,1.0.0,2025-10-12,338
Democratic Oversight Circumvention,Systematic avoidance of public accountability through semantic confusion,,,Identity Subversion,,,advanced_characteristic,threat_amplification,1.0.0,2025-10-12,339
Democratic Oversight Circumvention,Systematic avoidance of public accountability through semantic confusion,,,Reality Distortion,,,advanced_characteristic,threat_amplification,1.0.0,2025-10-12,340
Democratic Oversight Circumvention,Systematic avoidance of public accountability through semantic confusion,,,Social Fragmentation,,,advanced_characteristic,threat_amplification,1.0.0,2025-10-12,341
Democratic Oversight Circumvention,Systematic avoidance of public accountability through semantic confusion,,,Institutional Erosion,,,advanced_characteristic,threat_amplification,1.0.0,2025-10-12,342
Democratic Oversight Circumvention,Systematic avoidance of public accountability through semantic confusion,,,Democratic Threat,,,advanced_characteristic,threat_amplification,1.0.0,2025-10-12,343
Democratic Oversight Circumvention,Systematic avoidance of public accountability through semantic confusion,,,Civilizational Risk,,,advanced_characteristic,threat_amplification,1.0.0,2025-10-12,344
